{"pietanze/pizza/pizza_margherita_1.jpg": "Pizza margherita napoletana con il tipico cernicione. Semplice, bella, solo con mozzarella fior di latte e basilico a crudo",
 "pietanze/pizza/pizza_margherita_2.jpg": "Pizza margherita romana. Leggermente più bassa e senza cornicione. Con mozzarella fior di latte e basilico a crudo",
 "pietanze/pizza/pizza_margherita_3.jpg": "Pizza margherita romana, semplice con solo mozzarella senza basilico a crudo",
 "pietanze/pizza/pizza_napoli.jpg": "Pizza Napoli in stile napoletano con il tipico cornicione. Pomodoro, mozzarella fior di latte, acciughe, capperi e qualche foglia di basilico",
 "pietanze/pizza/pizza_napoli_2.jpg": "Pizza napoletana gusto Napoli. Acciughe, origano, capperi, mozzarella e pomodoro rendono la pizza saporitissima. La pizza è divisa a spicchi",
 "pietanze/pizza/pizza_quattro_stagioni.jpg": "La pizza 4 stagioni è un classico della cucina italiana. Divisa in quattro quadranti come le stagioni, troviamo olive, funghi, carciofi e prosciutto cotto",
 "pietanze/pizza/pizza_quattro_stagioni_2.jpg": "Pizza quattro stagioni a base sottile e ampia. Olive, funghi champignon, carciofi e prosciutto cotto",
 "pietanze/pizza/pizza_quattro_stagioni_3.jpg": "Pizza quattro stagioni tagliata a spicchi. In questo caso il prosciutto cotto è stato sostituito dal prosciutto crudo. La pizza è stata divisa a spicchi",
 "pietanze/pizza/pizza_capricciosa_1.jpg": "Pizza capricciosa a base alta. Oltre a mozzarella e pomodoro, è condita senza ordine con carciofi, olive nere, funghi, acciughe e pezzetti di prosciutto cotto",
 "pietanze/pizza/pizza_capricciosa_2.jpg": "Pizza capricciosa con cornicione piuttosto marcato, ben cotta E' condita con carciofi, olive nere, funghi e pezzetti di prosciutto cotto. Rispetto alla ricetta originale mancano le acciughe",
 "pietanze/pizza/pizza_marinara_1.jpg": "Pizza marinara napoletana. Pomodoro, aglio e origano",
 "pietanze/pizza/pizza_marinara_2.jpg": "Pizza marinara bassa. In questa versione è stato aggiunta un'abbondante spolverata di prezzemolo al posto dell'origano",
 "pietanze/pizza/pizza_marinara_3.jpg": "Pizza marinara napoletana. In questa versione sono state aggiunte le acciughe oltre al pomodore e all'aglio della versione originale",
 "pietanze/pizza/pizza_quattro_formaggi_1.jpg": "Pizza quattro formaggi napoletana. Sopra la base con il tipico cornicione, mozzarella fior di latte, scamorza affumicata, parmigiano e gorgonzola",
 "pietanze/pizza/pizza_quattro_formaggi_2.jpg": "Pizza quattro formaggi napoletana. Oltre ai tipici quattro formaggi mozzarella fior di latte, gorgonzola, parmigiano e scamorza qui sono aggiunte anche delle foglie di basilico",
"pietanze/pizza/calzone.jpg": "La pizza calzone svela un mistero. Che ingredienti ci saranno all'interno? In questo caso la pizza non è gonfiata perchè il pomodoro è stato messo prima di infornarla",
"pietanze/pizza/calzone_2.jpg": "La pizza calzone tradizionale contiene all'interno prosciutto cotto e mozzarella. In questo caso la pizza è gonfiata perchè ha cotto in forno senza pomodoro. Il pomodoro è stato aggiunto una volta sfornata",
"pietanze/pasta/carbonara_1.jpg": "Mezzemaniche alla carbonara. Ricetta semplice ma tanto discussa. L'uovo non deve fare la frittata, ma la crema. Quindi, una volta scolata la pasta, a fuoco spento il rosso dell'uovo va mescolato con la pasta, il guanciale, pecorino romano e pepe. Va usato il guanciale, non la pancetta!",
"pietanze/pasta/carbonara_2.jpg": "Spaghetti alla carbonara. Mentre la pasta cuoce, mescolare il rosso dell'uovo con pepe e pecorino romano. Una volta scolata la pasta, a fuoco spento, aggiungere la crema e amalgamare. Aggiungere infine il guaciale di maiale precedentemente soffritto.",
"pietanze/pasta/carbonara_3.jpeg": "Rigatoni alla carbonara. La crema che si amalgama con la pasta si ottiene aggiungendo a fuoco spento, una volta scolata la pasta, il tuorlo d'uovo, il guanciale di maiale, abbondante pecorino romano e pepe. Non guasta aggiungere un'altra spolverata di pecorino romano sopra la pasta",
"pietanze/pasta/pasta_pomodoro_2.jpg": "Penne al pomodoro. Dei pezzettini di basilico sono messi a condire il piatto di pasta con pomodoro e penne",
"pietanze/pasta/pasta_pomodoro_3.jpg": "Fusilli al pomodoro. Le spirali del fusillo trattengono la polpa di pomodoro ed i pomodorini a pezzetti più grandi. Su un piatto bianco, la pasta è insaporita con olio extravergine di oliva e basilico",
"pietanze/pasta/pasta_amatriciana_1.jpg": "I rigatoni all'amatriciana si ottengono unendo la polpa di pomodoro con guaciale di maiale soffritto e pecorino romano. ",
"pietanze/pasta/pasta_amatriciana_2.jpg": "Rigatoni all'amatriciana. Mentre la pasta cuoce, far sfrigolare il guanciale in padella, aggiungere la polpa di pomodoro e, una volta scolata la pasta spolverare con abbondante pecorino romano",
"pietanze/pasta/pasta_amatriciana_3.jpg": "Per la pasta all'amatriciana si possono usare anche i tonnarelli. Il sugo però non si cambia. Una volta che il guaciale è croccante, va aggiunto pomodoro e pecorino romano",
"pietanze/pasta/pasta_pesto_1.jpg": "I fusilli al pesto alla Genovese sono un altro classico della cucina italiana. Il pesto alla genovese può essere più o meno fine, ma deve contenere basilico, olio extravergine di oliva, parmigiano, aglio e pinoli",
"pietanze/pasta/pasta_pesto_2.jpg": "Spaghetti al pesto alla genovese. Il trito di parmigiano, basilico, pinoli, aglio e olio extravergine di oliva rende il pesto alla genovese un ottimo condimento per gli spaghetti",
"pietanze/pasta/pasta_norma_1.jpeg": "Con le mezze maniche alla norma voliamo in Sicilia. Pomodoro, melanzane, scaglie di ricotta salata e basilico rendono questo primo piatto un'eccellenza italana. Le melanzane sono state affettate a rondelle tonde",
"pietanze/pasta/pasta_norma_2.jpg": "Paccheri alla norma. Le melanzane si mescolano con il pomodoro che, insaporito con ricotta salata e olio extravergine d'oliva rendono il primo piatto eccezionale. Il piatto è stato decorato con due belle foglie di basilico",
"pietanze/pasta/pappardelle_cinghiale.jpeg": "Le pappardelle al cingiale sono un classico della cucina toscana. Il ragù di cincghiale in questo caso è a grana fine ed insaporito con una foglia di prezzemolo",
"pietanze/pasta/pappardelle_cinghiale_2.jpg": "Pappardelle al cinghiale con pezzettoni di cinghiale. Una prelibatezza della cucina toscana e umbra",
"pietanze/carne/bistecca_fiorentina_1.jpg": "Bistecca alla fiorentina nel filetto e costata. Cottura al sangue, tagliata a pezzi grossi con chicchi di sale grosso sopra e servita su piatto nero",
"pietanze/carne/bistecca_fiorentina_2.jpg": "Bistecca alla fiorentina mentre viene tagliata a fette. La bistecca è cotta al sangue e posta su un tagliere di legno",
"pietanze/carne/bistecca_fiorentina_3.jpg": "Bistecca alla fiorentina mentre sta cuocendo sulla brace e disposta in verticale",
"pietanze/carne/bistecca_fiorentina_3.jpg": "Bistecca alla fiorentina mentre sta cuocendo sulla brace e disposta in verticale",
"pietanze/carne/cosce_pollo_1.jpg": "Cosce di pollo arrosto con patate all'interno di una terrina. Per insaporire le patate sono state messi degli spicchi di aglio",
"pietanze/carne/cosce_pollo_2.jpg": "Cosci di pollo cotti in padella e disposti in un vassoio bianco",
"pietanze/carne/filetto_manzo_1.jpg": "Filetto di manzo cotto alla griglia e legato con spago",
"pietanze/carne/filetto_manzo_2.jpeg": "Filetto alla griglia con grani di pepe rosa, verde e nero mentre sta per essere tagliato. Il filettop è disposto su un tagliere di legno e è presente accanto un a foglia di rosmarino per insaporire la carne.",
"pietanze/carne/filetto_pepe_verde.jpg": "Filetto al pepe verde cotto alla griglia e insaporito con crema di panna e pepe verde",
"pietanze/carne/filetto_pepe_verde_2.png": "Due filetti tondi al pepe verde. I filetti sono alti e insaporiti con crema di panna e pepe verde. La crema scivola delicatamente sul piatto",
"pietanze/carne/petto_pollo_pizzaiola.jpg": "Petto di pollo alla pizzaiola. In questa versione del piatto, il petto di pollo è stato ricoperto da polpa di pomodoro e mozzarella. A decorazione sono state poi messe delle foglie di basilico",
"pietanze/carne/petto_pollo_pizzaiola_2.jpg": "petto di pollo alla pizzaiola. Il petto di pollo è stato insaporito con pomodoro, mozzarella, capperi e olive verdi. Il tutto è servito su un piatto bianco",
"pietanze/carne/pollo_arrosto_1.jpg": "Pollo arrosto intero, ben cotto, servito su vassoio insieme a limone.",
"pietanze/carne/pollo_arrosto_2.jpg": "Pollo arrost intero con patate arrosto. Il tutto è servito su vassoio",
"pietanze/carne/vitello_tonnato_2.jpg": "Vitello tonnato servito su piatto tondo. La salta tonnata ricopre totalmente le fette di vitello. Sopra la salsa ci sono dei capperi",
"pietanze/carne/vitello_tonnato_1.jpg": "Vitello tonnato servito su vassoio. Le fette di vitello sono disposte in modo circolare. Al centro è posta la salsa tonnata con alcuni capperi a decorazione",
"pietanze/carne/vitello_tonnato_3.jpg": "Vitello tonnato servito su vassoio rettangolare. Le fette di vitello sono disposte su tre file. La salsa è messa non abbondantemente sopra ciascuna fetta. Allo stesso modo su ciascuna fetta è stato disposto un cappero",
"pietanze/carne/porchetta_1.jpg": "Porchetta cotta a legna di Monte San Savino. La porchetta risulta ben cotta, con la cotenna croccante. All'interno sono visibili le spezie come aglio, salvia, rosmarino e l'immancabile fegatello",
"pietanze/carne/porchetta_2.jpg": "Due tranci di porchetta cotta a legna. Un trancia è intero mentre il secondo è tagliato sopra un tagliere di legno. Sotto di esso due fette pronte per essere mangiate",
"pietanze/carne/porchetta_3.jpg": "Trancio di porchetta di Ariccia cotta a legna disposto su un tagliare di legno. E' ben visibile la crosta croccante",
"pietanze/dolce/tiramisu_1.jpg": "E' il tiramisù il dolce più famoso della tradizione italiana? Sicuramente è quello con più varianti. Questa è la versione classica, con savoiardi imbevuti di caffè, crema di mascarpone e spolverata di cacao sopra",
"pietanze/dolce/tiramisu_2.jpeg": "Porzione di tiramisù con savoiardi imbevuti di caffè, crema di mascarpone e cacao",
"pietanze/dolce/tiramisu_3.jpg": "In primo piano una porzione di tiramisù su piatto bianco. Sullo sfondo una seconda porzione di tiramisù e una tazza di caffè con del cioccolato sul piattino.",
"pietanze/dolce/panna_cotta_1.jpeg": "Panna cotta guarnita con frutti di bosco e spolverata di zucchero a velo",
"pietanze/dolce/panna_cotta_2.jpg": "Porzione di panna cotta al caramello disposta su un piattino da dolci con cucchiano",
"pietanze/dolce/panna_cotta_3.jpg": "Panna cotta al cioccolato. L'immagine mostra mentre con un cucciaino si spezza la panna cotta per prederne un assaggio",
"pietanze/dolce/baba_1.jpeg": "Non si può visitare Napoli senza assaggiare un babà. La pasta soffice imbevuta della bagna al rum lo rende uno dei dolci più buoni di sempre",
"pietanze/dolce/baba_2.jpg": "Piatto con tre babà classici alla bagna di rum",
"pietanze/dolce/baba_3.jpg": "Piattino con babà farcito alla crema con ciliegia. La bagna dolce al rum, unite alla crema e alla ciliegia rendono il babà una delizia",
"pietanze/dolce/bigne_1.jpg": "Tre bignèal cioccolato su piatto dorato. Il cioccolato sui bignè è lucido e la pasta del bignè è cotta in modo perfetto",
"pietanze/dolce/bigne_2.jpg": "Piatto con tre bignè al cioccolato farciti con panna. Il cioccolato è stato messo sui bignè a cascata e scivola sul piatto in mododecisamente accattivante",
"pietanze/dolce/bigne_3.jpg": "Piatto con quattro bignè al pistacchio. Tutti i dolcetti sono stati divisi in due e farciti con crema di pistacchio. Sopra ciascuno di essi c'è della glassa al pistacchio ricoperta con della granella sempre di pistacchio",
"pietanze/dolce/crostata_1.jpg": "Crostata di pasta frolla ai frutti rossi e crema. Una cascata di frutti rossi come fragole, lamponi e mirtilli sovrastano una buonissima crema pasticcera che riempie la base di una croccante pasta frolla",
"pietanze/dolce/crostata_2.jpg": "Crostata di pasta morbida con crema pasticcera. Sulla crostata è stato spolverato abbondante zucchero a velo e il dolce è posto su un tagliere bianco decorato. Uno spicchio di dolce è pronto per essere gustato",
"pietanze/dolce/crostata_3.jpg": "Crostata di pasta morbida con crema e fragole. I pezzetti di fragola sono posti in modo circolare sopra la crema. Una fragola intera è al centro del dolce. Il dolce è posto su un piatto blu scuro",
"pietanze/dolce/millefoglie_1.jpg": "Porzione a tre strati di millefoglie. Gli strati sono farciti di abbondante crema chantilly. L'ultimo strato è spolverato con granella di nocciole e zucchero a velo",
"pietanze/dolce/millefoglie_2.jpg": "Millefoglie con crema pasticcera e cioccolato. Il dolce contiene quattro figli di pasta millefoglie rettangolari intervallati l'uno all'altro da crema e cioccolato. A decorazione sono poste sopra e accanto al dolce delle fragole e zucchero a velo",
"pietanze/dolce/millefoglie_3.jpg": "Millefoglie con crema, fragole e goccie di cioccolato. Tre strati di pasta millefoglie quadrata sono farciti di crema pasticcera e goccie di cioccolato. Il dolce è interamente ricoperto di fragole spolverate di zucchero a velo. Accanto al vassoio la frusta con cui è stata amalgamata la crema contenuta nel dolce"}
